login,full_name,created_at,stargazers_count,watchers_count,language,has_projects,has_wiki,license_name
Tivotal,Tivotal/Animated-Custom-Menu-Button-in-HTML-and-CSS,2024-10-28T04:11:34Z,0,0,CSS,true,true,
hasura,hasura/ddn-cloudx,2024-10-28T00:04:17Z,0,0,null,true,true,MIT License
sunnysavita10,sunnysavita10/OpenAI-Chat,2024-10-27T19:01:25Z,1,1,null,true,true,
Dhaiwat10,Dhaiwat10/socketio-hello-ui,2024-10-27T18:33:18Z,0,0,TypeScript,true,true,
Dhaiwat10,Dhaiwat10/socketio-hello-server,2024-10-27T18:25:32Z,0,0,TypeScript,true,true,
ThejasNU,ThejasNU/wal,2024-10-27T10:26:44Z,0,0,Go,true,true,MIT License
tirkarthi,tirkarthi/Airflow-2to3,2024-10-27T06:38:28Z,0,0,Python,true,true,MIT License
thatbeautifuldream,thatbeautifuldream/todo-fixme-scanner,2024-10-26T22:36:28Z,0,0,JavaScript,true,true,
kunchalavikram1427,kunchalavikram1427/jenkins-shared-library-01,2024-10-26T18:19:25Z,0,0,Groovy,true,true,
aravindavk,aravindavk/dataframes-d,2024-10-26T15:54:00Z,0,0,D,true,true,MIT License
midopooler,midopooler/mediapipe,2024-10-26T14:25:40Z,0,0,C++,true,true,Apache License 2.0
RheaAdh,RheaAdh/FastAPI-learn,2024-10-26T11:27:10Z,0,0,Python,true,false,
sahilbansal17,sahilbansal17/EPIJudge,2024-10-26T11:05:07Z,0,0,null,true,true,Other
techiescamp,techiescamp/kubernetes-tutorials,2024-10-26T05:38:12Z,0,0,null,true,true,
Amitpnk,Amitpnk/test,2024-10-26T03:50:29Z,0,0,null,true,true,
Tivotal,Tivotal/Custom-Toggle-Button-in-HTML-and-CSS,2024-10-26T03:37:15Z,0,0,CSS,true,true,
thatbeautifuldream,thatbeautifuldream/local-first-explorer,2024-10-26T02:43:47Z,0,0,TypeScript,true,true,
jasim,jasim/prisma-schema-parser,2024-10-25T17:53:28Z,0,0,null,true,true,ISC License
Dhaiwat10,Dhaiwat10/hello-rocket,2024-10-25T13:03:31Z,0,0,Rust,true,true,
juspay,juspay/trident3ds-ios,2024-10-25T10:40:26Z,0,0,Swift,true,true,
saishkulkarni,saishkulkarni/Ecommerce-SpringBootThymeleaf,2024-10-25T07:07:51Z,0,0,HTML,true,true,
jidhu-mohan,jidhu-mohan/Defect-Detection-of-PCB,2024-10-25T05:48:44Z,0,0,Jupyter Notebook,true,true,"BSD 3-Clause ""New"" or ""Revised"" License"
juspay,juspay/hyperpaypal-ios,2024-10-25T04:27:36Z,0,0,null,true,true,
juspay,juspay/hypertrident-ios,2024-10-25T04:24:51Z,0,0,null,true,true,
juspay,juspay/hyperpayu-ios,2024-10-25T04:20:36Z,0,0,null,true,true,
juspay,juspay/hyperqr-ios,2024-10-25T04:18:29Z,0,0,null,true,true,
juspay,juspay/hyperupi-ios,2024-10-25T04:16:46Z,0,0,null,true,true,
juspay,juspay/hyperapay-ios,2024-10-25T04:14:05Z,0,0,null,true,true,
Dhaiwat10,Dhaiwat10/fuels-latency-check,2024-10-25T03:56:03Z,0,0,TypeScript,true,true,
juspay,juspay/hypersdk-ios,2024-10-25T03:31:23Z,0,0,null,true,true,
shahsad-kp,shahsad-kp/wagtail,2024-10-24T18:49:33Z,0,0,null,true,true,"BSD 3-Clause ""New"" or ""Revised"" License"
DollarAkshay,DollarAkshay/sveltekit-template,2024-10-24T18:17:16Z,0,0,JavaScript,true,true,
sanjaysamantra1,sanjaysamantra1/nestjs-mongoose-crud,2024-10-24T16:23:53Z,0,0,TypeScript,true,true,
sanjaysamantra1,sanjaysamantra1/NestJS_Notes,2024-10-24T15:06:40Z,0,0,null,true,true,
heyletscode,heyletscode/dl_project,2024-10-24T13:57:11Z,0,0,Python,true,true,
iamshadmirza,iamshadmirza/docs,2024-10-24T10:14:02Z,0,0,MDX,true,true,
geohacker,geohacker/mapbeat,2024-10-24T09:59:16Z,0,0,HTML,true,true,
hasura,hasura/ddn-comments,2024-10-24T09:01:57Z,0,0,null,true,true,MIT License
narasimhareddyprostack,narasimhareddyprostack/Test_Project,2024-10-23T12:18:40Z,0,0,HTML,true,true,
priyaaank,priyaaank/tech-assessment,2024-10-23T10:19:09Z,0,0,null,true,true,MIT License
Tivotal,Tivotal/Website-Design-with-Login-Form-in-HTML-CSS,2024-10-23T08:18:51Z,0,0,CSS,true,true,
AnkitaBagale,AnkitaBagale/module-federation-rsbuild-webpack,2024-10-23T04:47:12Z,0,0,JavaScript,true,true,
Tivotal,Tivotal/Password-Visibility-Toggle-with-Torch-Light-Effect-HTML-CSS-JavaScript,2024-10-23T04:16:03Z,0,0,CSS,true,true,
hasura,hasura/promptql-sample-ecommerce-app,2024-10-22T19:56:05Z,0,0,TypeScript,true,true,
srijan-paul,srijan-paul/kat,2024-10-22T17:09:50Z,0,0,C,true,true,MIT License
sumansauravmay,sumansauravmay/Interview_output_based_question,2024-10-22T12:34:55Z,0,0,JavaScript,true,true,
Tivotal,Tivotal/Advanced-Card-Hover-Effects-by-using-HTML-CSS-and-JavaScript,2024-10-22T06:47:42Z,0,0,CSS,true,true,
Tivotal,Tivotal/JavaScript-Fractal-Tree-using-Canvas,2024-10-22T03:54:06Z,0,0,JavaScript,true,true,
is1dd,is1dd/EstellaEcoCarbon,2024-10-21T18:02:44Z,0,0,TypeScript,true,true,
marketcalls,marketcalls/TradingView-Screener,2024-10-21T17:42:05Z,0,0,null,true,true,MIT License
SujithThirumalaisamy,SujithThirumalaisamy/real-time-game-spec,2024-10-21T16:33:37Z,1,1,TypeScript,true,true,
hasura,hasura/promptql,2024-10-21T14:43:01Z,0,0,null,true,true,
paramaggarwal,paramaggarwal/docker-compose,2024-10-21T12:54:56Z,0,0,null,true,false,MIT License
marketcalls,marketcalls/openchart-js,2024-10-21T11:57:47Z,0,0,JavaScript,true,true,Other
Siddhesh-Agarwal,Siddhesh-Agarwal/requests-pydantic,2024-10-21T11:39:25Z,1,1,null,true,true,Apache License 2.0
thatbeautifuldream,thatbeautifuldream/compare-shortlist-demo-data,2024-10-21T11:34:32Z,0,0,null,true,true,
juspay,juspay/salvator-ios,2024-10-21T07:30:49Z,0,0,Swift,true,true,
laxmimerit,laxmimerit/rag-dataset,2024-10-21T07:20:53Z,1,1,null,true,true,
marketcalls,marketcalls/websocket-stockmarket-clickhouse,2024-10-21T07:06:47Z,2,2,Python,true,true,MIT License
juspay,juspay/juspaysafebrowser-ios,2024-10-21T06:09:00Z,0,0,Swift,true,true,
Sonichigo,Sonichigo/opensourcepledge.com,2024-10-21T05:56:42Z,0,0,Astro,true,false,
sunnysavita10,sunnysavita10/langgraph-end-to-end,2024-10-21T05:56:14Z,1,1,Jupyter Notebook,true,true,
Tivotal,Tivotal/Draggable-Tabs-Layout-in-HTML-CSS-JavaScript,2024-10-21T05:48:04Z,0,0,CSS,true,true,
Infosys,Infosys/Infosys-Data-Validation-Extensible-IDVEX,2024-10-21T05:23:29Z,0,0,Python,true,true,MIT License
danishprakash,danishprakash/containers-wg,2024-10-21T02:36:16Z,0,0,null,true,true,
cpraveen,cpraveen/construct2d,2024-10-21T02:22:01Z,0,0,Fortran,true,true,
narasimhareddyprostack,narasimhareddyprostack/shiva_Java,2024-10-20T16:17:08Z,0,0,Java,true,true,
adil-shabab,adil-shabab/Dentstop,2024-10-20T11:45:12Z,0,0,HTML,true,true,
marketcalls,marketcalls/yfinance,2024-10-20T10:47:30Z,0,0,null,true,true,Apache License 2.0
marketcalls,marketcalls/openchart,2024-10-20T07:11:58Z,10,10,Python,true,true,Other
tanisha03,tanisha03/llama-hack,2024-10-20T04:28:56Z,0,0,TypeScript,true,true,
gucci1909,gucci1909/cpp-guide,2024-10-19T19:56:06Z,0,0,C++,true,true,
hasura,hasura/ndc-duckduckapi,2024-10-19T19:39:02Z,0,0,TypeScript,true,true,Apache License 2.0
lepisma,lepisma/header-progress,2024-10-19T16:18:00Z,1,1,Emacs Lisp,true,true,
krishnaik06,krishnaik06/Transformers-Materials,2024-10-19T15:43:30Z,8,8,null,true,true,GNU General Public License v3.0
eshaan7,eshaan7/helios,2024-10-19T12:12:34Z,0,0,Rust,true,true,MIT License
FarhaKousar1601,FarhaKousar1601/Parkinsons-disease-prediction,2024-10-19T11:50:32Z,0,0,null,true,true,MIT License
FarhaKousar1601,FarhaKousar1601/Parkinsons-disease-prediction-using-CNN,2024-10-19T11:30:38Z,1,1,Jupyter Notebook,true,true,
FarhaKousar1601,FarhaKousar1601/combined-repo,2024-10-19T10:29:21Z,0,0,null,true,true,
tkmagesh,tkmagesh/Shastra-MERN,2024-10-19T09:16:07Z,1,1,JavaScript,true,true,
shivance,shivance/exo,2024-10-19T06:33:57Z,0,0,null,true,false,GNU General Public License v3.0
Jay-study-nildana,Jay-study-nildana/DockerForStudents,2024-10-19T05:41:04Z,0,0,null,true,true,MIT License
Tivotal,Tivotal/Card-Hover-Effect-with-Flying-Bird-Animation-using-HTML-and-CSS,2024-10-19T05:17:25Z,0,0,CSS,true,true,
jidhu-mohan,jidhu-mohan/test,2024-10-19T05:13:36Z,0,0,null,true,true,Apache License 2.0
ChillarAnand,ChillarAnand/one-click-hugo-cms,2024-10-19T04:41:18Z,0,0,SCSS,true,true,MIT License
deepakkapse,deepakkapse/og-aws-best-practise,2024-10-18T18:27:24Z,0,0,null,true,false,Creative Commons Attribution 4.0 International
AbiramiSukumaran,AbiramiSukumaran/MoviePeople_Graph,2024-10-18T16:57:36Z,0,0,null,true,true,Apache License 2.0
Infosys,Infosys/Infosys-Video-Analytics,2024-10-18T13:36:33Z,0,0,null,true,true,Apache License 2.0
eshaan7,eshaan7/rusty-verified-eth-rpc-proxy,2024-10-18T12:59:13Z,0,0,Rust,true,true,MIT License
anjanak05,anjanak05/loginSignup,2024-10-18T11:49:27Z,0,0,JavaScript,true,true,
lepisma,lepisma/idli,2024-10-18T08:56:14Z,1,1,Emacs Lisp,true,true,
karndeepsingh,karndeepsingh/two-tower-lodging-candidate-generation,2024-10-18T08:36:59Z,0,0,null,true,true,Apache License 2.0
karndeepsingh,karndeepsingh/LargeLanguageModelsProjects,2024-10-18T08:35:54Z,0,0,null,true,true,
sumansauravmay,sumansauravmay/areness_assignment,2024-10-18T07:00:52Z,0,0,JavaScript,true,true,
amagimedia,amagimedia/PySceneDetect,2024-10-18T05:52:54Z,0,0,null,true,true,"BSD 3-Clause ""New"" or ""Revised"" License"
narasimhareddyprostack,narasimhareddyprostack/UI_Oct21_JS_ReactJS,2024-10-18T04:35:46Z,0,0,HTML,true,true,
shahsad-kp,shahsad-kp/django-static-generator,2024-10-18T03:17:10Z,0,0,null,true,true,
Tivotal,Tivotal/Animated-Portfolio-Website-Design-in-HTML-and-CSS,2024-10-18T03:05:45Z,2,2,CSS,true,true,
sanjaysamantra1,sanjaysamantra1/angular_project_august_2024_2,2024-10-18T01:48:55Z,0,0,TypeScript,true,true,
hacksparrow,hacksparrow/L1B3RT45,2024-10-17T16:47:13Z,0,0,null,true,true,GNU Affero General Public License v3.0
abhisek,abhisek/CircuitVerse,2024-10-17T16:19:09Z,0,0,null,true,true,MIT License
ArchishmanSengupta,ArchishmanSengupta/dice,2024-10-17T15:36:22Z,0,0,null,true,true,Other
ArchishmanSengupta,ArchishmanSengupta/phidata,2024-10-17T15:35:01Z,0,0,Python,true,true,Mozilla Public License 2.0
abhisek,abhisek/vet,2024-10-17T14:48:35Z,0,0,null,true,true,Apache License 2.0
Randhir200,Randhir200/neural-tangjie,2024-10-17T10:15:56Z,0,0,null,true,true,
mr-karan,mr-karan/portal,2024-10-17T09:21:45Z,0,0,null,true,true,GNU Affero General Public License v3.0
hasura,hasura/ddn-helm-charts,2024-10-17T08:05:47Z,2,2,Smarty,true,true,Apache License 2.0
hariketsheth,hariketsheth/HRMS--Project,2024-10-17T04:20:06Z,0,0,null,true,true,
kitarp29,kitarp29/diceDB,2024-10-16T17:23:41Z,0,0,Go,true,true,Other
ushareng,ushareng/snowflake-demo-notebooks,2024-10-16T15:56:53Z,0,0,null,true,true,Apache License 2.0
mohdsanadzakirizvi,mohdsanadzakirizvi/msc,2024-10-16T14:33:24Z,0,0,Python,true,true,
cpraveen,cpraveen/dgale1d,2024-10-16T10:50:35Z,0,0,C,true,true,
tanisha03,tanisha03/node-service,2024-10-16T08:49:52Z,0,0,JavaScript,true,true,
vinitshahdeo,vinitshahdeo/10Xtober,2024-10-16T07:06:00Z,0,0,null,true,false,MIT License
nyrahul,nyrahul/kubebreach,2024-10-15T17:55:24Z,0,0,null,true,true,Apache License 2.0
srijan-paul,srijan-paul/oxc,2024-10-15T15:15:52Z,0,0,null,true,false,MIT License
AkshayaBalasubramani,AkshayaBalasubramani/NeetCode150,2024-10-15T12:30:13Z,0,0,Python,true,true,
0xbharath,0xbharath/explore,2024-10-15T10:52:27Z,0,0,Ruby,true,false,Creative Commons Attribution 4.0 International
krishnaik06,krishnaik06/ETLWeather,2024-10-15T10:45:09Z,9,9,Python,true,true,GNU General Public License v3.0
asdofindia,asdofindia/balance-checker,2024-10-15T10:04:23Z,0,0,Shell,true,true,
Newton-School,Newton-School/UserCredentials_boilerplate,2024-10-15T06:54:59Z,0,0,JavaScript,true,true,
pavanbelagatti,pavanbelagatti/OpenAI-Swarm-Tutorial,2024-10-15T06:50:56Z,0,0,Jupyter Notebook,true,true,
vinaysshenoy,vinaysshenoy/cache-control,2024-10-15T06:31:51Z,0,0,null,true,false,MIT License
razorpay,razorpay/golib,2024-10-15T06:18:30Z,0,0,null,true,true,
Newton-School,Newton-School/InputValidation_boilerplate,2024-10-15T05:17:44Z,0,0,JavaScript,true,true,
vvHacker007,vvHacker007/LLD,2024-10-14T18:44:04Z,0,0,null,true,true,
srijan-paul,srijan-paul/jam,2024-10-14T17:02:23Z,1,1,Zig,true,true,
Newton-School,Newton-School/ManageSchema_Boilerplate,2024-10-14T16:11:53Z,0,0,JavaScript,true,true,
laxmimerit,laxmimerit/ollama-chatbot,2024-10-14T16:06:13Z,0,0,Jupyter Notebook,true,true,
Haimantika,Haimantika/awesome-docs,2024-10-14T15:36:37Z,0,0,null,true,true,Other
Newton-School,Newton-School/Authentication_boilerplate,2024-10-14T14:51:53Z,0,0,JavaScript,true,true,
zeroby0,zeroby0/AdaptDCT,2024-10-14T14:32:10Z,0,0,Python,true,false,
Newton-School,Newton-School/Todo_Boilerplate,2024-10-14T13:44:03Z,0,0,JavaScript,true,true,
vkrajput26,vkrajput26/backend-aws-service,2024-10-14T09:36:51Z,0,0,JavaScript,true,true,
AnkitSharma-007,AnkitSharma-007/crud-using-react-dotnet-webapi,2024-10-14T09:31:38Z,0,0,TypeScript,true,true,MIT License
lunaroyster,lunaroyster/awesome-products-india,2024-10-14T09:12:07Z,0,0,null,true,true,
0xbharath,0xbharath/misconfig-mapper,2024-10-14T07:51:34Z,0,0,null,true,false,MIT License
ad1992,ad1992/XorShift128Plus,2024-10-14T06:11:03Z,0,0,Python,true,true,
sanghamitra0591,sanghamitra0591/library-server,2024-10-14T04:46:12Z,0,0,JavaScript,true,true,
wa5,wa5/java-package-with-maven-demo-wa5,2024-10-14T02:47:25Z,0,0,Java,true,true,
thatbeautifuldream,thatbeautifuldream/gitcommitfame,2024-10-14T01:24:05Z,0,0,TypeScript,true,true,
anistark,anistark/pythonindia,2024-10-13T22:28:57Z,0,0,HTML,true,false,MIT License
avinassh,avinassh/bottomless,2024-10-13T18:23:20Z,0,0,null,true,true,
dilawar,dilawar/ical-desktop-notification,2024-10-13T17:46:19Z,1,1,Rust,true,true,MIT License
nimishbongale,nimishbongale/onnxruntime,2024-10-13T07:32:35Z,0,0,null,true,true,MIT License
dilawar,dilawar/web_ical,2024-10-13T05:22:47Z,0,0,Rust,true,true,MIT License
thatbeautifuldream,thatbeautifuldream/next-kamal-deploy,2024-10-13T01:50:10Z,0,0,TypeScript,true,true,
thatbeautifuldream,thatbeautifuldream/milindmishra,2024-10-12T22:20:13Z,0,0,JavaScript,true,true,
hariketsheth,hariketsheth/sg-cloud-suggestor,2024-10-12T19:56:54Z,0,0,TypeScript,true,true,
srijan-paul,srijan-paul/kiesel,2024-10-12T18:11:44Z,0,0,null,true,true,
hkedia321,hkedia321/fast-grid,2024-10-12T15:58:42Z,0,0,null,true,true,MIT License
Newton-School,Newton-School/FileSystem_Boilerplate_main,2024-10-12T14:27:36Z,0,0,JavaScript,true,true,
sanghamitra0591,sanghamitra0591/library-manager,2024-10-12T12:40:49Z,0,0,HTML,true,true,
KunaalNaik,KunaalNaik/DSM_Silver_One_Time_Offer_Boost_Upgrade,2024-10-12T09:43:44Z,0,0,null,true,true,
gokulkrishh,gokulkrishh/invoicegenerator.tax,2024-10-12T06:50:16Z,2,2,TypeScript,true,false,MIT License
Tivotal,Tivotal/Password-Strength-Checker-JavaScript,2024-10-12T06:02:02Z,1,1,JavaScript,true,true,
dilawar,dilawar/file-retriever,2024-10-12T05:30:57Z,0,0,null,true,true,MIT License
sujithkanna,sujithkanna/pi5-ubuntu-setup,2024-10-11T14:26:14Z,0,0,Python,true,true,
sanjaysamantra1,sanjaysamantra1/angular_10_oct_2024,2024-10-11T13:16:14Z,0,0,HTML,true,true,
Newton-School,Newton-School/sdg-ru-open-source-repo,2024-10-11T12:20:56Z,0,0,null,true,true,
hasura,hasura/timescaledb-parallel-copy,2024-10-11T11:12:18Z,0,0,Go,true,true,Apache License 2.0
hasura,hasura/redis,2024-10-11T10:56:24Z,0,0,null,true,false,"BSD 3-Clause ""New"" or ""Revised"" License"
hasura,hasura/hydra,2024-10-11T10:36:46Z,0,0,null,true,false,Apache License 2.0
PavanAnanthSharma,PavanAnanthSharma/Apex-CLOB-CORE,2024-10-11T10:18:17Z,0,0,null,true,true,GNU General Public License v3.0
arpitbbhayani,arpitbbhayani/leaderboard-go-dicedb,2024-10-11T08:24:25Z,1,1,Go,true,true,
Tivotal,Tivotal/Instagram-Like-Stories-Slider-by-using-HTML-CSS-and-JavaScript,2024-10-11T07:14:49Z,0,0,HTML,true,true,
Tivotal,Tivotal/JavaScript-Sliding-Card,2024-10-11T05:39:42Z,0,0,CSS,true,true,
tfidfwastaken,tfidfwastaken/fishmarket,2024-10-11T04:21:20Z,0,0,HTML,true,true,MIT License
Tivotal,Tivotal/Button-Hover-Animation-in-HTML-CSS,2024-10-11T03:35:03Z,0,0,CSS,true,true,
hasura,hasura/timescaledb-docker,2024-10-10T20:41:00Z,0,0,null,true,true,Apache License 2.0
farhaanbukhsh,farhaanbukhsh/tutor-contrib-expermental-mfe,2024-10-10T18:24:07Z,0,0,Python,true,true,MIT License
srijan-paul,srijan-paul/unicode-id,2024-10-10T18:08:26Z,8,8,Zig,true,true,
Dhaiwat10,Dhaiwat10/bako-safe-ui,2024-10-10T16:04:08Z,0,0,null,true,true,Apache License 2.0
hasura,hasura/ddn-examples,2024-10-10T13:55:10Z,0,0,Shell,true,true,
Tivotal,Tivotal/Card-Border-Hover-Animation-in-HTML-and-CSS,2024-10-10T11:17:39Z,0,0,CSS,true,true,
Tivotal,Tivotal/Download-Arrow-Animation-Using-HTML-CSS-and-JavaScript,2024-10-10T10:01:40Z,0,0,CSS,true,true,
Tivotal,Tivotal/Draggable-Sidebar-Menu-in-HTML-CSS-and-JavaScript,2024-10-10T05:44:48Z,0,0,CSS,true,true,
Tivotal,Tivotal/Modular-CSS-Loader-Animation,2024-10-10T02:58:14Z,0,0,CSS,true,true,
version0chiro,version0chiro/chessGo-app,2024-10-09T18:19:25Z,0,0,Svelte,true,true,
AnkitSharma-007,AnkitSharma-007/react-form-validation,2024-10-09T15:47:35Z,0,0,TypeScript,true,true,MIT License
0x48piraj,0x48piraj/barely-windows,2024-10-09T13:34:05Z,2,2,TypeScript,true,true,Other
Aadarsh805,Aadarsh805/simple-server,2024-10-09T10:19:58Z,0,0,JavaScript,true,true,
reuters-graphics,reuters-graphics/solar-tariff-page-2024-materials,2024-10-09T08:41:39Z,0,0,null,true,true,
AnkitSharma-007,AnkitSharma-007/game-hub-react,2024-10-09T08:09:05Z,0,0,TypeScript,true,true,MIT License
arkprocoder,arkprocoder/C2C-Python,2024-10-09T05:30:43Z,0,0,HTML,true,true,
saishkulkarni,saishkulkarni/crud_rest,2024-10-09T05:12:59Z,0,0,Java,true,true,
shibasisp,shibasisp/zmk-config,2024-10-08T18:51:28Z,0,0,null,true,true,
Dhaiwat10,Dhaiwat10/mira-amm-web,2024-10-08T13:54:46Z,0,0,TypeScript,true,false,
PavanAnanthSharma,PavanAnanthSharma/privx-exchange-contract,2024-10-08T11:11:00Z,0,0,null,true,false,MIT License
PavanAnanthSharma,PavanAnanthSharma/privx-exchange-backend,2024-10-08T11:09:56Z,0,0,null,true,false,MIT License
Tivotal,Tivotal/To-Do-List-App-with-Local-Storage-in-HTML-CSS-JS,2024-10-08T09:52:44Z,1,1,JavaScript,true,true,
sanghamitra0591,sanghamitra0591/e-commerce-cimet,2024-10-08T09:00:53Z,0,0,JavaScript,true,true,
abhisek,abhisek/oauth,2024-10-08T07:37:50Z,0,0,Go,true,true,MIT License
Souvikns,Souvikns/md-to-pdf,2024-10-08T05:48:42Z,0,0,JavaScript,true,true,Apache License 2.0
krishnaik06,krishnaik06/datasets,2024-10-08T05:16:12Z,3,3,null,true,true,GNU General Public License v3.0
sachinites,sachinites/Bitmaps,2024-10-07T18:52:32Z,0,0,C,true,true,GNU General Public License v3.0
kaushikb11,kaushikb11/langgraph-customer-support-bot,2024-10-07T16:17:58Z,0,0,Python,true,false,
marketcalls,marketcalls/OpenTerminal,2024-10-07T14:52:44Z,3,3,Python,true,true,Other
anandology,anandology/practical-computing-template,2024-10-07T08:47:32Z,0,0,Jupyter Notebook,true,true,MIT License
lunaroyster,lunaroyster/higher-edu-bangalore-list,2024-10-07T05:51:34Z,1,1,null,true,true,
adil-shabab,adil-shabab/butta-bomma-ecommerce,2024-10-07T05:31:41Z,0,0,HTML,true,true,
gja,gja/posthog-js-lite,2024-10-07T05:11:19Z,0,0,null,true,false,MIT License
saishkulkarni,saishkulkarni/employee_crud_new,2024-10-07T05:07:36Z,0,0,Java,true,true,
Tivotal,Tivotal/Animated-Sign-In-and-Sign-Up-Forms-in-HTML-CSS-and-JavaScript,2024-10-07T04:17:30Z,1,1,CSS,true,true,
thatbeautifuldream,thatbeautifuldream/screen-recorder,2024-10-06T18:07:59Z,0,0,TypeScript,true,true,
deepakkapse,deepakkapse/flaskproject,2024-10-06T17:12:49Z,0,0,Python,true,false,
sujithkanna,sujithkanna/docker-qbittorrent,2024-10-06T13:29:22Z,0,0,Python,true,true,GNU General Public License v3.0
FarhaKousar1601,FarhaKousar1601/TTS,2024-10-06T12:21:27Z,0,0,null,true,true,Mozilla Public License 2.0
sumanshekhar698,sumanshekhar698/html_css_js_vanilla,2024-10-06T12:20:51Z,0,0,HTML,true,true,
dubesar,dubesar/worldtimebuddy,2024-10-06T11:29:25Z,5,5,Python,true,false,Apache License 2.0
dubesar,dubesar/ntfy,2024-10-06T10:00:27Z,0,0,null,true,true,Apache License 2.0
anandjha90,anandjha90/snowflake-training,2024-10-06T00:58:02Z,1,1,null,true,true,
pr2tik1,pr2tik1/time-flies,2024-10-05T13:50:11Z,0,0,JavaScript,true,false,
dipakkr,dipakkr/leetcode-questions,2024-10-05T11:49:20Z,0,0,TypeScript,true,true,
priya1793,priya1793/blogging-next-app,2024-10-05T11:17:51Z,0,0,JavaScript,true,true,
Debanshu777,Debanshu777/androidx,2024-10-05T10:42:49Z,0,0,null,true,false,Apache License 2.0
version0chiro,version0chiro/chessGo-api,2024-10-05T10:08:13Z,1,1,Go,true,true,
nishanthvijayan,nishanthvijayan/YouTubeCleanser,2024-10-04T19:50:57Z,0,0,JavaScript,true,true,
Tivotal,Tivotal/Atom-Loading-Animation-using-HTML-and-CSS,2024-10-04T17:03:21Z,0,0,HTML,true,true,
Tivotal,Tivotal/Portfolio-Website-Design-in-HTML-and-CSS,2024-10-04T16:11:47Z,0,0,CSS,true,true,
thatbeautifuldream,thatbeautifuldream/email-editor,2024-10-04T12:23:51Z,0,0,TypeScript,true,true,
marketcalls,marketcalls/openalgo-voice-based-orders,2024-10-04T11:29:31Z,1,1,Python,true,true,MIT License
pr2tik1,pr2tik1/hacktoberfest,2024-10-04T09:20:44Z,0,0,null,true,true,
deepakkapse,deepakkapse/EKS-Terraform-Jenkins,2024-10-04T06:48:05Z,0,0,HCL,true,true,
saishkulkarni,saishkulkarni/employee_crud,2024-10-04T05:16:00Z,0,0,Java,true,true,
Tivotal,Tivotal/Card-Hover-Animation-in-HTML-and-CSS,2024-10-04T04:56:41Z,0,0,HTML,true,true,
pr2tik1,pr2tik1/reflex,2024-10-04T04:38:05Z,0,0,Python,true,true,Apache License 2.0
thatbeautifuldream,thatbeautifuldream/aws-example,2024-10-03T20:56:10Z,0,0,JavaScript,true,true,
KunaalNaik,KunaalNaik/TCS_Qs,2024-10-03T13:23:03Z,0,0,null,true,true,
srijan-paul,srijan-paul/skylighting,2024-10-03T12:12:53Z,0,0,null,true,true,
ushareng,ushareng/NvidiaGraphRAG,2024-10-03T08:40:40Z,1,1,Jupyter Notebook,true,true,
deepakkapse,deepakkapse/EKS-Terraform,2024-10-03T07:07:33Z,0,0,HCL,true,true,
RivuChk,RivuChk/firebase-auth-provider,2024-10-03T05:01:51Z,0,0,Kotlin,true,false,Apache License 2.0
sangam14,sangam14/package-scanner,2024-10-03T04:24:31Z,0,0,null,true,true,
thatbeautifuldream,thatbeautifuldream/mobile-view-not-supported,2024-10-02T21:27:02Z,0,0,TypeScript,true,true,
priya1793,priya1793/document-manager,2024-10-02T16:01:28Z,0,0,JavaScript,true,true,
anirudhRowjee,anirudhRowjee/saturn,2024-10-02T11:57:51Z,7,7,Go,true,true,MIT License
anistark,anistark/nebraska,2024-10-02T11:57:36Z,0,0,null,true,false,Apache License 2.0
tanisha03,tanisha03/dynamiclinkk,2024-10-02T10:26:47Z,0,0,TypeScript,true,true,
thatbeautifuldream,thatbeautifuldream/realtime-chat-translations,2024-10-01T21:37:15Z,1,1,TypeScript,true,true,
hasura,hasura/apidashboard,2024-10-01T21:36:17Z,0,0,Python,true,true,
arpitbbhayani,arpitbbhayani/leaderboard-go-redis,2024-10-01T18:12:13Z,3,3,HTML,true,true,
alok722,alok722/fe201-oct,2024-10-01T17:12:33Z,1,1,JavaScript,true,true,
krishnaik06,krishnaik06/testdagshub,2024-10-01T16:57:42Z,0,0,null,true,true,
aravindavk,aravindavk/json-serialization-d,2024-10-01T15:30:17Z,0,0,D,true,true,MIT License
srijan-paul,srijan-paul/zls,2024-10-01T14:49:23Z,0,0,Zig,true,true,MIT License
florist-notes,florist-notes/florist-notes,2024-10-01T13:51:33Z,0,0,null,true,true,
sangam14,sangam14/hugo-texify3,2024-10-01T12:37:19Z,0,0,null,true,true,MIT License
saishkulkarni,saishkulkarni/demo,2024-10-01T11:07:55Z,0,0,CSS,true,true,
sumansauravmay,sumansauravmay/Todo_App_Full_Stack,2024-10-01T11:06:16Z,0,0,JavaScript,true,true,
NavinShrinivas,NavinShrinivas/website,2024-10-01T10:14:13Z,0,0,HTML,true,false,Other
hasura,hasura/promptql-graphql-workshop,2024-10-01T09:53:21Z,0,0,PLpgSQL,true,true,
sangam14,sangam14/docs-as-code,2024-10-01T07:52:02Z,0,0,null,true,false,Apache License 2.0
Tivotal,Tivotal/Pure-JavaScript-Resizable-Div-Element,2024-10-01T07:17:45Z,0,0,JavaScript,true,true,
PavanAnanthSharma,PavanAnanthSharma/on-chain-dex,2024-10-01T07:14:06Z,0,0,null,true,true,GNU General Public License v3.0
PavanAnanthSharma,PavanAnanthSharma/nodejs-order-book,2024-10-01T07:06:48Z,0,0,null,true,true,MIT License
egovernments,egovernments/unified-benefits-administration,2024-10-01T06:13:05Z,0,0,JavaScript,true,true,MIT License
Infosys,Infosys/Server-Patching-Tool,2024-10-01T06:00:37Z,1,1,Python,true,true,MIT License
Tivotal,Tivotal/CSS-Dash-Loader-Animation,2024-10-01T05:43:32Z,0,0,CSS,true,true,
saishkulkarni,saishkulkarni/CRUD-SpringMvc,2024-10-01T05:17:13Z,0,0,Java,true,true,
prateek27,prateek27/design-patterns-java,2024-10-01T05:15:15Z,0,0,Java,true,true,
narasimhareddyprostack,narasimhareddyprostack/OM_Holiday,2024-10-01T04:49:23Z,0,0,HTML,true,true,
hacksparrow,hacksparrow/Gymnasium,2024-10-01T03:44:30Z,0,0,null,true,false,MIT License
Tivotal,Tivotal/Animated-Magic-Navigation-Menu-Indicator-in-HTML-CSS-and-JavaScript,2024-10-01T03:34:55Z,0,0,CSS,true,true,
Jay-study-nildana,Jay-study-nildana/AzureDevOpsForStudents,2024-10-01T01:39:06Z,0,0,HTML,true,true,MIT License
arjun-kava,arjun-kava/siamese-network-vgg16-experiment,2024-09-30T20:50:15Z,0,0,null,true,false,
arjun-kava,arjun-kava/ominiglot-triplet-loss-hard-mining,2024-09-30T20:40:29Z,0,0,Python,true,false,
arjun-kava,arjun-kava/fgfa-tensorflow,2024-09-30T20:06:44Z,0,0,null,true,false,
arjun-kava,arjun-kava/face_detector,2024-09-30T19:52:43Z,0,0,Python,true,false,
arjun-kava,arjun-kava/face-recognize,2024-09-30T19:51:02Z,0,0,Python,true,false,
arjun-kava,arjun-kava/diamond-color-algorithm,2024-09-30T19:47:53Z,0,0,Python,true,false,
arjun-kava,arjun-kava/zujo-interactive-video-with-sst,2024-09-30T19:37:15Z,0,0,null,true,false,
arjun-kava,arjun-kava/zujo-kalman-triplate-loss,2024-09-30T19:30:09Z,0,0,Python,true,false,
lepisma,lepisma/pile-supernote,2024-09-30T15:24:40Z,0,0,Python,true,true,
bipeensinha,bipeensinha/glenApp,2024-09-30T14:08:12Z,0,0,null,true,true,
Ranjan095,Ranjan095/testing_mcq_plateform,2024-09-30T11:10:29Z,0,0,JavaScript,true,true,
lepisma,lepisma/mess,2024-09-30T08:44:17Z,0,0,Emacs Lisp,true,true,
narasimhareddyprostack,narasimhareddyprostack/OM_30,2024-09-30T05:36:58Z,0,0,Python,true,true,
AkshayaBalasubramani,AkshayaBalasubramani/Pandas_Functions,2024-09-30T04:50:35Z,0,0,Jupyter Notebook,true,true,
Tivotal,Tivotal/3D-Cube-Animation-using-HTML-and-CSS,2024-09-30T03:41:43Z,0,0,CSS,true,true,
AkshayaBalasubramani,AkshayaBalasubramani/Exploratory-Analysis-Of-Geolocational-Data,2024-09-30T01:32:16Z,0,0,null,true,true,
thatbeautifuldream,thatbeautifuldream/json-visualizer,2024-09-29T13:41:11Z,2,2,TypeScript,true,true,
farhaanbukhsh,farhaanbukhsh/planet-dgplug,2024-09-29T08:10:11Z,0,0,null,true,true,
hacksparrow,hacksparrow/ProtoMotions,2024-09-28T19:09:25Z,0,0,null,true,true,Other
AnkitSharma-007,AnkitSharma-007/angular-gemini-nano,2024-09-28T18:32:54Z,4,4,TypeScript,true,true,MIT License
hacksparrow,hacksparrow/firecrawl,2024-09-28T15:19:33Z,0,0,null,true,false,GNU Affero General Public License v3.0
farhaanbukhsh,farhaanbukhsh/awmodoro,2024-09-28T12:46:43Z,0,0,Lua,true,true,
marketcalls,marketcalls/gpt-slack-bot,2024-09-28T12:22:13Z,0,0,Python,true,true,MIT License
anjanak05,anjanak05/namaste_react,2024-09-28T11:35:16Z,0,0,HTML,true,true,
sangam14,sangam14/hello-kitty,2024-09-28T09:04:42Z,0,0,HCL,true,false,MIT License
nimishbongale,nimishbongale/awq-storage,2024-09-28T05:50:15Z,0,0,Jupyter Notebook,true,true,MIT License
Tivotal,Tivotal/Resizable-Sidebar-Menu-with-Theme-Toggle-in-HTML-CSS-and-JavaScript,2024-09-28T05:29:14Z,0,0,CSS,true,true,
vinaysshenoy,vinaysshenoy/json-parser,2024-09-28T04:09:19Z,0,0,Kotlin,true,true,The Unlicense
sachinites,sachinites/Acl,2024-09-28T03:39:17Z,0,0,C,true,true,
sumanshekhar698,sumanshekhar698/netflix-vanilla-clone,2024-09-27T21:42:44Z,0,0,CSS,true,true,
pranjay-poddar,pranjay-poddar/CopilotKit,2024-09-27T15:41:23Z,1,1,null,true,true,MIT License
harshgoel05,harshgoel05/ipo-backend,2024-09-27T12:44:39Z,0,0,Go,true,true,
harshgoel05,harshgoel05/ipo-scrape,2024-09-27T12:43:02Z,0,0,Python,true,true,
gkanishk,gkanishk/code-push-server,2024-09-27T12:07:59Z,0,0,null,true,true,MIT License
eshaan7,eshaan7/scroll-documentation,2024-09-27T09:46:01Z,0,0,null,true,true,MIT License
abhishh1,abhishh1/flutter-snippets,2024-09-27T09:16:34Z,8,8,Dart,true,true,
PavanAnanthSharma,PavanAnanthSharma/cross-chain-bridge-v2,2024-09-27T04:06:24Z,0,0,null,true,true,
PavanAnanthSharma,PavanAnanthSharma/position-dex-periphery-v2,2024-09-27T04:05:09Z,0,0,null,true,true,
PavanAnanthSharma,PavanAnanthSharma/decentralized-perpetual-trading-protocol-cross-chain,2024-09-27T04:04:15Z,0,0,null,true,true,
PavanAnanthSharma,PavanAnanthSharma/posichain,2024-09-27T04:03:23Z,0,0,null,true,true,GNU Lesser General Public License v3.0
PavanAnanthSharma,PavanAnanthSharma/decentralized-perpetual-trading-protocol-core,2024-09-27T04:02:41Z,0,0,null,true,true,Other
Tivotal,Tivotal/Draggable-Card-Slider-using-HTML-CSS-and-JavaScript,2024-09-27T04:02:09Z,0,0,HTML,true,true,
hasura,hasura/ddn-federation-sample-team2,2024-09-26T20:13:05Z,0,0,TypeScript,true,true,
aravindavk,aravindavk/jinja-d,2024-09-26T18:01:17Z,0,0,D,true,true,MIT License
harshgoel05,harshgoel05/ipolist,2024-09-26T13:47:47Z,0,0,TypeScript,true,true,
Infosys,Infosys/SightConnect-Flutter-Client,2024-09-26T12:23:05Z,0,0,null,true,true,Apache License 2.0
BastinRobin,BastinRobin/app-store-scraper,2024-09-26T06:38:16Z,0,0,null,true,true,MIT License
tanisha03,tanisha03/react-video-editor,2024-09-26T06:38:01Z,0,0,null,true,true,
anandology,anandology/fcp-blog,2024-09-26T05:46:56Z,0,0,Lua,true,true,
binayshaw7777,binayshaw7777/AddSubZ,2024-09-26T04:51:54Z,1,1,Kotlin,true,true,
Tivotal,Tivotal/Text-Hover-Effect-in-HTML-and-CSS,2024-09-26T03:25:30Z,1,1,CSS,true,true,
AnanthaRajuC,AnanthaRajuC/library,2024-09-26T03:15:56Z,0,0,null,true,true,MIT License
anandology,anandology/fcp-practice,2024-09-26T03:00:15Z,0,0,TeX,true,true,
thatbeautifuldream,thatbeautifuldream/zellij,2024-09-25T23:26:45Z,0,0,null,true,true,
tanisha03,tanisha03/a-react-video-editor,2024-09-25T10:41:12Z,0,0,null,true,false,MIT License
Souvikns,Souvikns/pokemon-showdown,2024-09-25T07:00:26Z,0,0,null,true,false,MIT License
Ranjan095,Ranjan095/mcq_platform,2024-09-25T06:17:09Z,0,0,JavaScript,true,true,
narasimhareddyprostack,narasimhareddyprostack/UI-Dev-Sept-Ganesh,2024-09-25T04:51:00Z,0,0,HTML,true,true,
tanisha03,tanisha03/aakarsh-portfolio,2024-09-25T04:33:56Z,0,0,HTML,true,false,
Tivotal,Tivotal/Responsive-Mega-Menu-in-HTML-CSS-and-JavaScript,2024-09-25T04:32:08Z,1,1,CSS,true,true,
juspay,juspay/blaze-sdk-flutter,2024-09-24T22:40:16Z,0,0,Dart,true,false,MIT License
hacksparrow,hacksparrow/chat-macOS,2024-09-24T20:32:05Z,0,0,null,true,true,
srijan-paul,srijan-paul/codecrafters-git-go,2024-09-24T16:30:23Z,1,1,Go,true,true,
PavanAnanthSharma,PavanAnanthSharma/protocol-v2,2024-09-24T09:51:57Z,1,1,null,true,true,Apache License 2.0
eshaan7,eshaan7/bitcoin-vm-mru,2024-09-24T08:27:57Z,0,0,TypeScript,true,false,
asdofindia,asdofindia/hotplay-booking,2024-09-24T08:09:38Z,0,0,TypeScript,true,true,
bipeensinha,bipeensinha/QALearn-204,2024-09-24T07:27:28Z,0,0,C#,true,true,
bipeensinha,bipeensinha/QALearning,2024-09-24T07:26:11Z,0,0,null,true,true,
prateekbh,prateekbh/wv-jh,2024-09-24T07:21:24Z,0,0,TypeScript,true,true,
PavanAnanthSharma,PavanAnanthSharma/perp-curie-contract,2024-09-24T06:33:13Z,0,0,null,true,false,GNU General Public License v3.0
PavanAnanthSharma,PavanAnanthSharma/vertex-contracts,2024-09-24T06:12:18Z,0,0,null,true,true,
Jay-study-nildana,Jay-study-nildana/WebAPIDotNetBasics,2024-09-24T06:10:48Z,0,0,C#,true,true,
Tivotal,Tivotal/Portfolio-Website-Design-in-HTML-CSS-and-JavaScript,2024-09-24T04:42:09Z,1,1,CSS,true,true,
h4h13,h4h13/automatic-gatsbyjs-app-landing-page,2024-09-23T18:01:58Z,0,0,null,true,true,MIT License
bigint,bigint/gitlab,2024-09-23T17:26:02Z,0,0,null,true,true,
bigint,bigint/gitlabhq,2024-09-23T17:17:27Z,0,0,null,true,false,Other
cpraveen,cpraveen/delaundo,2024-09-23T12:39:57Z,2,2,Fortran,true,true,
PavanAnanthSharma,PavanAnanthSharma/UniswapX,2024-09-23T08:11:24Z,1,1,null,true,true,GNU General Public License v3.0
bipeensinha,bipeensinha/AZ-204-DevelopingSolutionsforMicrosoftAzure,2024-09-23T06:53:13Z,0,0,null,true,false,MIT License
anandology,anandology/fcp-practice-2,2024-09-23T06:41:47Z,0,0,C,true,true,
pavanbelagatti,pavanbelagatti/LangGraph-Chatbot-Tutorial,2024-09-23T06:25:07Z,5,5,Jupyter Notebook,true,true,
PavanAnanthSharma,PavanAnanthSharma/bitoro-protocol,2024-09-23T06:16:41Z,0,0,null,true,true,GNU General Public License v2.0
Tivotal,Tivotal/Weather-Forecast-App-in-HTML-CSS-and-JavaScript,2024-09-23T05:40:11Z,0,0,CSS,true,true,
shagunsharma6677,shagunsharma6677/twenty,2024-09-23T01:50:07Z,0,0,null,true,false,GNU Affero General Public License v3.0
thatbeautifuldream,thatbeautifuldream/face-detection-malpractice-timestamps,2024-09-22T22:02:11Z,2,2,TypeScript,true,true,
s-yadav,s-yadav/just-styled,2024-09-22T18:56:32Z,0,0,null,true,false,MIT License
thatbeautifuldream,thatbeautifuldream/uuid-generator,2024-09-22T18:17:32Z,0,0,TypeScript,true,true,
imSanjaySoni,imSanjaySoni/flutter-cashfree-pg-sdk,2024-09-22T14:32:10Z,0,0,null,true,true,MIT License
deepumandal,deepumandal/masai-test,2024-09-22T12:07:04Z,0,0,TypeScript,true,true,MIT License
srijan-paul,srijan-paul/mini-angstrom,2024-09-22T10:57:40Z,3,3,OCaml,true,true,
vinitshahdeo,vinitshahdeo/FinTech-GenAI-Fireside-Chat,2024-09-22T08:47:03Z,0,0,null,true,false,MIT License
AkhileshManda,AkhileshManda/telegram-betting,2024-09-22T00:40:15Z,0,0,null,true,true,
danascape,danascape/meta-st-odyssey,2024-09-21T21:47:35Z,0,0,BitBake,true,true,MIT License
jasim,jasim/pg-schema-diff,2024-09-21T20:37:35Z,0,0,null,true,false,MIT License
reuters-graphics,reuters-graphics/explorer-bluprint,2024-09-21T10:41:44Z,0,0,JavaScript,true,true,MIT License
PavanAnanthSharma,PavanAnanthSharma/smart-contract-EVM,2024-09-21T07:16:58Z,0,0,null,true,true,Other
Karishmagupta05,Karishmagupta05/animated-portfolio,2024-09-21T05:51:37Z,0,0,null,true,false,
Tivotal,Tivotal/Animated-Login-Form-Design-in-HTML-and-CSS,2024-09-21T03:57:56Z,0,0,CSS,true,true,
juspay,juspay/nixone,2024-09-21T02:11:55Z,4,4,Shell,true,true,Apache License 2.0
Mukesh-50,Mukesh-50/GitRebaseExample,2024-09-20T19:39:16Z,0,0,null,true,true,
FarhaKousar1601,FarhaKousar1601/awesome-python-projects,2024-09-20T12:40:06Z,1,1,null,true,true,MIT License
FarhaKousar1601,FarhaKousar1601/CompetitiveProgrammingQuestionBank,2024-09-20T12:35:42Z,0,0,null,true,true,MIT License
aravindavk,aravindavk/colors-d,2024-09-20T10:44:06Z,0,0,D,true,true,MIT License
sumansauravmay,sumansauravmay/chatapp,2024-09-20T09:55:51Z,0,0,JavaScript,true,true,
sumansauravmay,sumansauravmay/placement_drive_frontend,2024-09-20T06:54:20Z,0,0,JavaScript,true,true,
srijan-paul,srijan-paul/reason-ocaml-india.github.io,2024-09-20T05:38:56Z,0,0,CSS,true,false,
saishkulkarni,saishkulkarni/Spring_Basic_demo,2024-09-20T05:07:10Z,0,0,Java,true,true,
Tivotal,Tivotal/Animated-Bottom-Navbar-in-HTML-CSS-JavaScript,2024-09-20T04:12:06Z,0,0,CSS,true,true,
anandology,anandology/gatsby-starter-decap-cms,2024-09-19T20:38:33Z,0,0,JavaScript,true,true,MIT License
thatbeautifuldream,thatbeautifuldream/screen-webcam-streaming,2024-09-19T20:27:00Z,0,0,TypeScript,true,true,
anandology,anandology/one-click-hugo-cms,2024-09-19T20:20:42Z,0,0,SCSS,true,true,MIT License
BakkappaN,BakkappaN/Playwright-JavaScript-TypeScript-CSharp-Python-Framework,2024-09-19T16:51:00Z,5,5,JavaScript,true,true,
SujithThirumalaisamy,SujithThirumalaisamy/staging-ops,2024-09-19T14:58:57Z,0,0,null,true,true,
dynamitechetan,dynamitechetan/lumenoctane,2024-09-19T10:37:17Z,0,0,PHP,true,true,
Jay-study-nildana,Jay-study-nildana/PhoBlober,2024-09-19T09:41:50Z,0,0,C#,true,true,
bigint,bigint/test-git-web-interface,2024-09-19T04:26:20Z,0,0,null,true,true,
bigint,bigint/MillionCommit,2024-09-19T04:23:03Z,1,1,null,true,true,
Tivotal,Tivotal/Simple-Circular-Loader-in-HTML-CSS,2024-09-19T02:27:50Z,0,0,CSS,true,true,
Amarjit-ph,Amarjit-ph/project-sunshine,2024-09-18T19:05:29Z,0,0,TypeScript,true,true,The Unlicense
prateekbh,prateekbh/jsonhack2,2024-09-18T17:29:20Z,0,0,HTML,true,true,
prateekbh,prateekbh/jsonhack,2024-09-18T17:28:46Z,0,0,null,true,true,
priya1793,priya1793/rent-n-stay-next-app,2024-09-18T15:54:24Z,0,0,TypeScript,true,true,
Siddhesh-Agarwal,Siddhesh-Agarwal/ht-annotated,2024-09-18T12:28:10Z,0,0,TypeScript,true,true,
Aadarsh805,Aadarsh805/jwk-80500,2024-09-18T12:15:28Z,0,0,null,true,true,
Aadarsh805,Aadarsh805/jwk-805,2024-09-18T12:14:22Z,0,0,null,true,true,
ghoshsuman845,ghoshsuman845/practise-machine-coding,2024-09-18T10:17:52Z,0,0,JavaScript,true,true,
srijan-paul,srijan-paul/bruno,2024-09-18T09:02:47Z,0,0,null,true,false,MIT License
Tivotal,Tivotal/Add-to-Cart-Button-Animation-using-HTML-CSS-and-JavaScript,2024-09-18T02:40:05Z,0,0,CSS,true,true,
thatbeautifuldream,thatbeautifuldream/hexagon-3d,2024-09-17T19:44:53Z,0,0,TypeScript,true,true,
nyrahul,nyrahul/metabase,2024-09-17T13:58:09Z,0,0,null,true,true,Other
Naveenaidu,Naveenaidu/ceph,2024-09-17T13:39:28Z,0,0,C++,true,true,Other
manideep39,manideep39/geektrust-doremi-subscription,2024-09-17T11:00:40Z,0,0,Java,true,false,MIT License
BastinRobin,BastinRobin/roughViz,2024-09-17T08:50:08Z,1,1,null,true,true,MIT License
Tivotal,Tivotal/Responsive-Animated-Sidebar-Menu-in-HTML-CSS-JavaScript,2024-09-17T04:29:09Z,1,1,HTML,true,true,
sanjaysamantra1,sanjaysamantra1/node_17_sept_2024,2024-09-16T19:50:56Z,0,0,JavaScript,true,true,
chaudharyachint08,chaudharyachint08/demo,2024-09-16T16:59:33Z,0,0,Shell,true,true,
chaudharyachint08,chaudharyachint08/demo_repo,2024-09-16T16:59:06Z,0,0,null,true,true,
juspay,juspay/hyper-sdk-expo-plugin,2024-09-16T16:15:31Z,0,0,JavaScript,true,true,GNU Affero General Public License v3.0
Haimantika,Haimantika/vector-search,2024-09-16T15:19:17Z,0,0,JavaScript,true,false,MIT License
iiscleap,iiscleap/DAX,2024-09-16T09:01:32Z,1,1,null,true,true,GNU General Public License v3.0
BastinRobin,BastinRobin/sliceline,2024-09-16T07:41:55Z,0,0,null,true,true,"BSD 3-Clause ""New"" or ""Revised"" License"
hardik05,hardik05/ProcessInjectionTechniques,2024-09-16T04:01:18Z,0,0,null,true,false,MIT License
marketcalls,marketcalls/react-login-app,2024-09-15T19:59:04Z,0,0,TypeScript,true,true,
anirudhRowjee,anirudhRowjee/skiplist-cpp,2024-09-15T19:10:32Z,0,0,C++,true,true,
rohanpatankar926,rohanpatankar926/RAG_Techniques,2024-09-15T18:31:20Z,0,0,null,true,true,Apache License 2.0
biraj21,biraj21/nomad-vector-logger,2024-09-15T16:16:35Z,0,0,Go,true,true,MIT License
Jay-study-nildana,Jay-study-nildana/comicbookshop,2024-09-15T05:14:29Z,0,0,C#,true,true,
hasura,hasura/ndc-prometheus,2024-09-15T02:54:49Z,2,2,Go,true,true,Apache License 2.0
deepakkapse,deepakkapse/quantum-notes,2024-09-14T17:24:44Z,0,0,null,true,true,
debasistripathy01,debasistripathy01/leetcode-algorithms,2024-09-14T17:08:38Z,0,0,null,true,true,MIT License
marketcalls,marketcalls/fastscalper-tauri,2024-09-14T14:37:17Z,2,2,JavaScript,true,false,MIT License
SujithThirumalaisamy,SujithThirumalaisamy/job-board,2024-09-14T12:56:29Z,0,0,TypeScript,true,true,
sreetamdas,sreetamdas/svs-venn-game,2024-09-14T12:13:03Z,0,0,Svelte,true,false,
sumansauravmay,sumansauravmay/JQuery-Bootstrap,2024-09-14T07:03:43Z,0,0,HTML,true,true,
narasimhareddyprostack,narasimhareddyprostack/NodeJS_Sept_8AM_Gems,2024-09-14T04:59:33Z,0,0,HTML,true,true,
BastinRobin,BastinRobin/Deneb-Showcase,2024-09-14T03:47:33Z,0,0,null,true,false,MIT License
Mukesh-50,Mukesh-50/RestAssuredFramework,2024-09-14T02:30:28Z,1,1,HTML,true,true,
ad1992,ad1992/vitest,2024-09-13T19:01:36Z,1,1,null,true,true,MIT License
nageshvkn,nageshvkn/wiculty70,2024-09-13T16:26:29Z,0,0,Java,true,true,
FarhaKousar1601,FarhaKousar1601/Amazon-ML-challenge-2024Data-Dynamo,2024-09-13T14:48:20Z,2,2,null,true,true,Apache License 2.0
narasimhareddyprostack,narasimhareddyprostack/UI_JS_5PM_NH,2024-09-13T13:15:16Z,0,0,JavaScript,true,true,
rchaganti,rchaganti/ragbook-notebooks,2024-09-13T10:57:33Z,0,0,null,true,true,
kshitijmishra23,kshitijmishra23/freeCodeCamp,2024-09-13T07:40:00Z,1,1,TypeScript,true,false,"BSD 3-Clause ""New"" or ""Revised"" License"
deepakkapse,deepakkapse/Interview-prep-notes,2024-09-13T07:07:35Z,0,0,null,true,true,
mkfeuhrer,mkfeuhrer/go-notes,2024-09-13T06:36:28Z,0,0,null,true,true,
anandology,anandology/math-activity-handbook,2024-09-13T06:09:17Z,0,0,TeX,true,true,
tanisha03,tanisha03/threeJS-embed,2024-09-13T05:43:00Z,0,0,JavaScript,true,true,
tauqeerali1,tauqeerali1/Welcome-Login-Signup-Page-Flutter,2024-09-13T03:12:05Z,0,0,null,true,true,MIT License
deepakkapse,deepakkapse/k8s-the-hard-way-2024,2024-09-13T02:59:38Z,0,0,null,true,true,
Tivotal,Tivotal/Card-Glowing-Corner-Hover-Effect-in-HTML-CSS-JavaScript,2024-09-13T02:35:49Z,0,0,CSS,true,true,
sujaykundu777,sujaykundu777/fonty,2024-09-12T19:15:26Z,0,0,null,true,true,GNU Affero General Public License v3.0
pastelsky,pastelsky/undici,2024-09-12T17:36:28Z,0,0,null,true,true,MIT License
hasura,hasura/pacha-template,2024-09-12T17:23:13Z,0,0,Shell,true,true,
Dhaiwat10,Dhaiwat10/airdrop-debug,2024-09-12T16:28:18Z,0,0,TypeScript,true,true,
mosip,mosip/inji-infra-cloud,2024-09-12T13:39:54Z,0,0,null,true,true,
mosip,mosip/esignet-infra-cloud,2024-09-12T13:38:34Z,0,0,null,true,true,
PavanAnanthSharma,PavanAnanthSharma/MM,2024-09-12T10:28:52Z,0,0,null,true,true,
pastelsky,pastelsky/git-lfs,2024-09-12T10:18:35Z,0,0,null,true,true,Other
Tivotal,Tivotal/CSS-Infinite-Card-Slider-,2024-09-12T09:20:13Z,0,0,CSS,true,true,
Infosys,Infosys/esignet-artifactory,2024-09-12T08:44:19Z,0,0,null,true,true,
Infosys,Infosys/esignet-config,2024-09-12T08:43:39Z,0,0,null,true,true,
Infosys,Infosys/SightConnect,2024-09-12T08:39:07Z,2,2,Dart,true,true,Apache License 2.0
CRED-CLUB,CRED-CLUB/CREDPix,2024-09-12T06:43:47Z,0,0,Smarty,true,false,Apache License 2.0
Tivotal,Tivotal/Our-Team-Section-with-Card-Hover-3D-Animation-in-HTML-CSS,2024-09-12T05:58:22Z,0,0,HTML,true,true,
kaiwan,kaiwan/drv_johannes,2024-09-12T05:39:29Z,0,0,C,true,true,The Unlicense
PavanAnanthSharma,PavanAnanthSharma/Perp-and-Spot-Orderbook,2024-09-12T05:26:12Z,0,0,null,true,true,MIT License
Tivotal,Tivotal/Pure-CSS-Custom-Toggle-Button,2024-09-12T03:49:11Z,0,0,CSS,true,true,
AbiramiSukumaran,AbiramiSukumaran/patent_search_agent_with_reasoning_engine,2024-09-11T21:47:45Z,0,0,Jupyter Notebook,true,true,Apache License 2.0
tanisha03,tanisha03/secure-pdf-chat,2024-09-11T18:31:06Z,0,0,null,true,true,
sujaykundu777,sujaykundu777/javascript-questions,2024-09-11T18:17:58Z,0,0,null,true,true,MIT License
Ranjan095,Ranjan095/Clippet_technologies,2024-09-11T17:27:39Z,0,0,JavaScript,true,true,
thatbeautifuldream,thatbeautifuldream/exchange-rate-cron,2024-09-11T15:56:02Z,0,0,JavaScript,true,true,
Siddhesh-Agarwal,Siddhesh-Agarwal/ollama,2024-09-11T13:46:20Z,0,0,null,true,false,MIT License
hasnentai,hasnentai/push-notification-flutter-web,2024-09-11T12:07:52Z,0,0,null,true,true,
hasura,hasura/ddn-assets,2024-09-11T11:41:47Z,0,0,Go,true,true,Apache License 2.0
pavanbelagatti,pavanbelagatti/RAG-And-Long-Context-Window-Tutorial,2024-09-11T07:24:43Z,0,0,Jupyter Notebook,true,true,
Tivotal,Tivotal/JavaScript-Stopwatch-,2024-09-11T04:28:45Z,0,0,CSS,true,true,
sumansauravmay,sumansauravmay/practice,2024-09-10T19:11:28Z,0,0,JavaScript,true,true,
sayanchowdhury,sayanchowdhury/foundation,2024-09-10T16:38:15Z,0,0,null,true,false,Other
thatbeautifuldream,thatbeautifuldream/openai-structured-response,2024-09-10T15:47:42Z,1,1,JavaScript,true,true,
hasura,hasura/jsonapi-rust,2024-09-10T13:54:21Z,0,0,Rust,true,true,MIT License
techtrailhead,techtrailhead/backend-resources,2024-09-10T13:17:57Z,0,0,null,true,true,
Sonichigo,Sonichigo/gh_slack_reminder,2024-09-10T10:55:53Z,1,1,Python,false,false,
abhisek,abhisek/protobom,2024-09-10T09:22:19Z,0,0,null,true,true,Apache License 2.0
pavanbelagatti,pavanbelagatti/RAG-Evaluation-RAGAs-Tutorial,2024-09-10T06:00:42Z,1,1,Jupyter Notebook,true,true,
Souvikns,Souvikns/.github,2024-09-10T05:38:24Z,0,0,null,true,false,
Tivotal,Tivotal/Animated-Product-Card-in-HTML-CSS,2024-09-10T04:02:32Z,0,0,CSS,true,true,
hasura,hasura/ddn-atlas,2024-09-09T23:56:57Z,0,0,Python,true,true,MIT License
juspay,juspay/inspect,2024-09-09T21:08:22Z,0,0,Nix,true,true,
shrutipanjwani,shrutipanjwani/solana-market-data,2024-09-09T19:52:36Z,1,1,TypeScript,true,true,
iiscleap,iiscleap/vlm-spatial-reasoning-unsupervised,2024-09-09T18:04:58Z,0,0,Python,true,true,GNU General Public License v3.0
deepakkapse,deepakkapse/awesome-gcp-certifications,2024-09-09T17:21:15Z,0,0,null,true,true,MIT License
Tivotal,Tivotal/Simple-Website-Design-in-HTML-CSS-2,2024-09-09T06:27:52Z,1,1,CSS,true,true,
tanisha03,tanisha03/renit,2024-09-09T06:23:18Z,0,0,TypeScript,true,true,
avpatel,avpatel/riscv-rpmi,2024-09-09T05:24:15Z,0,0,Makefile,true,true,Creative Commons Attribution 4.0 International
captn3m0,captn3m0/tramline-docs,2024-09-09T04:57:41Z,1,1,null,true,false,Creative Commons Zero v1.0 Universal
tauqeerali1,tauqeerali1/Login-Page-With-Flask-HTML,2024-09-08T17:58:00Z,0,0,Python,true,true,
Souvikns,Souvikns/gfg-html,2024-09-08T10:17:09Z,0,0,HTML,true,true,
Rahul-Rajeevan,Rahul-Rajeevan/bvghv,2024-09-08T06:59:31Z,0,0,HTML,true,true,
sunnysavita10,sunnysavita10/LangGraph-End-to-End-Course,2024-09-07T20:23:25Z,11,11,Jupyter Notebook,true,true,
helloanoop,helloanoop/bruno-test-collection,2024-09-07T17:12:19Z,0,0,JavaScript,true,true,
NSG650,NSG650/mlibc,2024-09-07T16:55:41Z,0,0,null,true,true,Other
arpitbbhayani,arpitbbhayani/dice-tests,2024-09-07T14:41:47Z,1,1,null,true,true,
Mukesh-50,Mukesh-50/SampleSepRepo,2024-09-07T13:24:45Z,0,0,HTML,true,true,
hacksparrow,hacksparrow/pytorch,2024-09-07T06:37:45Z,0,0,null,true,true,Other
HackerEarth,HackerEarth/boiler-fs-expo,2024-09-07T05:14:43Z,0,0,JavaScript,true,false,
HackerEarth,HackerEarth/boiler-fs-react,2024-09-07T05:10:16Z,0,0,JavaScript,true,false,
HackerEarth,HackerEarth/boiler-fs-node,2024-09-07T05:02:15Z,0,0,JavaScript,true,true,
AkshayaBalasubramani,AkshayaBalasubramani/attack-stix-data,2024-09-07T03:20:06Z,0,0,null,true,true,Other
SAMUDRALAARAVIND,SAMUDRALAARAVIND/busbooking-frontend-aug,2024-09-06T16:53:54Z,2,2,JavaScript,true,true,
Dhaiwat10,Dhaiwat10/code-fridays-demo,2024-09-06T13:28:30Z,0,0,TypeScript,true,true,
srijan-paul,srijan-paul/infisical,2024-09-06T12:39:29Z,0,0,null,true,true,Other
Dhaiwat10,Dhaiwat10/test-rehearsal,2024-09-06T11:53:50Z,0,0,TypeScript,true,true,
Dhaiwat10,Dhaiwat10/create-fuels-testnet-test,2024-09-06T11:14:02Z,0,0,TypeScript,true,true,
hasnentai,hasnentai/quaggaJS,2024-09-06T10:59:02Z,0,0,null,true,true,MIT License
